host_id	host_name	public_display_name	slug	instagram_handle	instagram_url	tiktok_url	website_url	profile_image_url	logo_url	bio	vibe_tags	primary_areas	tip_link	booking_link	private_events	featured	status	verification_status	contact_email_internal	tag_repost_permission	favorite_karaoke_spots	source	form_response_timestamp	last_updated	notes	app_visible	needs_review	entity_type	organization_type	affiliation_id
dj-harvest	Javier	DJ Harvest	dj-harvest	@djharvestdiscjock	https://www.instagram.com/djharvestdiscjock					DJ Harvest hosts karaoke at Joycee's Cocktails, Wong's Golden Palace, and Pal Joey's Cocktail Lounge.	Fast Rotation, Big Crowd	Spring Valley, La Mesa / East County			Unknown	FALSE	active	identity_confirmed_by_corey				Weekly_Grid + KJ Profiles V1; Corey direct identity confirmation 2026-09-14		2026-09-14		TRUE	FALSE	individual		
trini	Trini	Trini	trini	@trini.ann.smith	https://www.instagram.com/trini.ann.smith					Karaoke host tied to Pal Joey's Thursday nights in the current SingHUB schedule.	Theme Nights, Late Night	Allied Gardens, East County-adjacent			Unknown	FALSE	active	weekly_grid_sync				Weekly_Grid + KJ Profiles V1		2026-07-13		TRUE	TRUE	individual		
rosemarie	Starpoint Entertainment / Rosemarie Larson	Rosemarie Larson	rosemarie-larson	rosemarielarson	https://www.instagram.com/rosemarielarson					Rosemarie Larson hosts Friday karaoke at The Regal in La Mesa from 9 PM-1 AM through Starpoint Entertainment. Singers can expect 21+ karaoke with a wide mix of genres.	Regulars Heavy, Dive Bar Energy, All Genres, 21+	La Mesa, East County			Unknown	FALSE	active	form_response			Chief's Tiki Bar, Novo's, Pal Joey's, Norm's, Chief's Da Crab Shack	SingHUB KJ Profile Responses + Weekly_Grid	2026-07-03 16:49:35	2026-07-13		TRUE	FALSE	individual		starpoint-entertainment
bryon-bea	Bryon.Bea	Bryon.Bea	bryon-bea	@Bryon.Bea	https://www.instagram.com/Bryon.Bea					Karaoke host at Redwing and The Mesa. Bryon.Bea’s approach: “We pay in time, not tip to skip.”	Dive Bar Energy, Regulars Heavy, Fair Rotation	North Park, College Area / La Mesa			No	FALSE	active	form_response			Whiskey Girl/Sun-Tues and Live Band on Thursday; Redwing/Any night; JTs/Kearny Mesa; Gaslamplighter/Any night; Happy Does/Thurs-Fri	Weekly_Grid + KJ Profiles V1 + SingHUB KJ Profile Responses	2026-07-23 07:45:27	2026-10-03		TRUE	FALSE	individual		
kj-lolo	Lauren Ehmke	KJ Lolo	kj-lolo	@kj.lolo1	https://www.instagram.com/kj.lolo1					KJ Lolo hosts Saturday karaoke at Deano’s East. Her show welcomes all kinds of singers, keeps the rotation moving, and offers a host who is happy to duet.	East County, Weekend Karaoke, Beginner Friendly, Fast Rotation, Duets	Santee, East County			No	FALSE	active	form_response_and_direct_provider_schedule			Lamplighter any night; Full Circle; Santee VFW; The Luau; Deano's Pub East	Weekly_Grid + KJ Profiles V1 + SingHUB KJ Profile Responses + A.I. Entertainment direct schedule	2026-07-14 08:01:02	2026-10-03		TRUE	FALSE	individual		ai-entertainment
leo	Leo Holmes	Leo	leo	@TheleoHolmes_pod_and_kj	https://www.instagram.com/TheleoHolmes_pod_and_kj			https://res.cloudinary.com/dy3lyejkk/image/upload/v1787337259/IMG_20260820_235652_308_j6c0du.jpg		I make sure the vibe is flowing and everyone has a good time. It’s a constant party!	Classic Karaoke, Regulars Heavy	Mission Hills, Hillcrest	https://venmo.com/u/Leo-Holmes		No	TRUE	active	weekly_grid_sync				Weekly_Grid + KJ Profiles V1		2026-07-13		TRUE	TRUE	individual		
chad	Chad	Chad	chad	@armsofsteellegsofwheat	https://www.instagram.com/armsofsteellegsofwheat					Karaoke host tied to JT's Tavern in the current SingHUB schedule.	Neighborhood Bar, Late Night	Mission Gorge / Grantville			No	FALSE	active	weekly_grid_sync				Weekly_Grid + KJ Profiles V1		2026-07-13		TRUE	TRUE	individual		
brian	Brian	Brian The Lion	brian	@brian_the_lion88	https://www.instagram.com/brian_the_lion88					Brian The Lion hosts JT’s Monday karaoke. His invitation to singers: “Fun singing, no judgment.” Come with a good attitude and enjoy the room.	Neighborhood Bar, Late Night, No Judgment	Mission Gorge / Grantville			No	FALSE	active	form_response			JTs Tavern; Camels Breath; Effins; Pal Joeys; The Rabbit Hole	Weekly_Grid + KJ Profiles V1 + SingHUB KJ Profile Responses	2026-07-17 04:20:40	2026-10-03		TRUE	FALSE	individual		
veronica	Veronica	Veronica	veronica	veronica.v619	https://www.instagram.com/veronica.v619					Karaoke host affiliated with Almost Famous Entertainment.	Downtown Energy, Group Friendly, Gaslamp	Gaslamp Quarter			No	FALSE	active	direct_schedule_confirmation				SingHUB KJ Profile Responses; Corey direct confirmation 2026-09-14	2026-07-03 11:28:50	2026-10-07	Legacy company-hosted events moved to the canonical Almost Famous Entertainment organization record. Retained as the individual contact/host record from the original KJ profile response; individual recurring schedule still needs confirmation.	FALSE	TRUE	individual		almost-famous-entertainment
dj-glyph	Jesse Glyphin	KJ Glyph	dj-glyph	@glyphnote 	https://www.instagram.com/glyphnote					KJ Glyph hosts Saturday karaoke at BLVD. New singers are welcome, with a mixed crowd and a rotation that includes new and returning singers.	Weekend Karaoke, Neighborhood Bar, Beginner Friendly	Grantville, Mission Gorge			No	FALSE	active	form_response			Lamplighter; Redwing; Full Circle Saloon	Weekly_Grid + KJ Profiles V1 + SingHUB KJ Profile Responses	2026-07-18 16:47:35	2026-10-03		TRUE	FALSE	individual		
dj-meth	Meth Taylor	KJ Meth	dj-meth							A.I. Entertainment-affiliated karaoke host for Saturday nights at Camels Bar & Grill.	Weekend Karaoke, Bar & Grill	Mission Valley			No	FALSE	active	direct_provider_affiliation_and_schedule				Weekly_Grid + KJ Profiles V1 + A.I. Entertainment direct schedule		2026-09-04		TRUE	FALSE	individual		ai-entertainment
kj-smash	Ashley	KJ Smash	kj-smash	@ashmovementco	https://www.instagram.com/ashmovementco					A.I. Entertainment-affiliated karaoke host for Wednesday nights at Deano's Pub in La Mesa.	Beginner Friendly, Chill Room	La Mesa, East County			No	FALSE	active	direct_provider_affiliation_and_schedule				Weekly_Grid + KJ Profiles V1 + A.I. Entertainment direct schedule		2026-10-07		TRUE	FALSE	individual		ai-entertainment
all-mic-long	ALL MIC LONG	ALL MIC LONG	all-mic-long	@allmiclong	https://www.instagram.com/allmiclong					Karaoke team hosting Kaminski's Friday nights from 8 PM to 11 PM under the ALL MIC LONG brand.	Sports Bar, North County	Poway, Inland North County			No	FALSE	active	verified_direct_schedule				ALL MIC LONG direct clarification to Corey 2026-09-19		2026-09-19		TRUE	TRUE	organization	karaoke_team	
dj-2cold	DJ 2Cold	DJ 2Cold	dj-2cold	@Noel_Colding	https://www.instagram.com/Noel_Colding					DJ 2Cold hosts karaoke at The Scoreboard in Imperial Beach. His submitted show notes welcome first-timers and serious singers, with a fair rotation and an emphasis on R&B.	South Bay, Dive Bar Energy, Beginner Friendly, Fair Rotation, R&B	Imperial Beach, South Bay			No	FALSE	active	form_response			Scoreboard	Weekly_Grid + Corey direct update + SingHUB KJ Profile Responses	2026-07-14 07:41:16	2026-10-03		TRUE	TRUE	individual		
dj-loy	KJ Loy	KJ Loy	dj-loy	@sandiegoson507	https://www.instagram.com/sandiegoson507					San Diego karaoke host appearing at Novo Brazil Brewery, Rosie O'Grady's, and Chief's Da Tiki Bar.	Brewery, South Bay, Neighborhood Bar, Ohana Karaoke	Eastlake, Chula Vista, Normal Heights, Solana Beach			No	FALSE	active	identity_confirmed_by_corey				Weekly_Grid; venue flyers; Corey identity confirmations 2026-09-03 and 2026-09-14		2026-09-14		TRUE	FALSE	individual		
dj-mike	DJ Mike	DJ Mike	dj-mike							Karaoke host tied to Camels Thursday nights in the current SingHUB schedule.	Bar & Grill, Mission Valley	Mission Valley			No	FALSE	active	weekly_grid_sync				Weekly_Grid		2026-07-13		TRUE	TRUE	individual		
dj-savadelic	DJ Savadelic	DJ Savadelic	dj-savadelic	@djsavadelic 	https://www.instagram.com/djsavadelic					Karaoke host tied to Don's Cocktails Thursday and Friday nights.	East County, Late Night	El Cajon, East County			No	FALSE	active	form_response			Don's Cocktail Lounge Thursdays & Fridays	Weekly_Grid + SingHUB KJ Profile Responses	2026-07-25 11:28:46	2026-08-17		TRUE	FALSE	individual		
ed-katie	Ed & Katie	Ed & Katie	ed-katie							Karaoke host team tied to Cheers Bar San Diego Monday and Wednesday nights.	Neighborhood Bar, Adams Avenue	Normal Heights / Adams Avenue			No	FALSE	active	weekly_grid_sync				Weekly_Grid		2026-07-13		TRUE	TRUE	organization	karaoke_team	
james	James	James	james							Karaoke host tied to Hearth House Tuesday through Thursday nights.	East County, Neighborhood Bar	La Mesa / East County			No	FALSE	active	weekly_grid_sync				Weekly_Grid		2026-07-13		TRUE	TRUE	individual		
jason-g	Jason G	Jason G	jason-g	@officialjasong	https://www.instagram.com/officialjasong					Karaoke host tied to Whiskey Girl Monday and Sunday rows in the current SingHUB schedule.	Gaslamp, Late Night	Gaslamp Quarter			No	FALSE	active	weekly_grid_sync_needs_time				Weekly_Grid		2026-07-13		TRUE	TRUE	individual		
mikey-mic	Mikey Mic	Mikey Mic	mikey-mic							Karaoke host tied to Ginger's Thursday nights in the current SingHUB schedule.	Gaslamp, Nightlife	Gaslamp Quarter			No	FALSE	active	weekly_grid_sync				Weekly_Grid		2026-07-13		TRUE	TRUE	individual		all-mic-long
raya	Raya	Raya	raya	@raya.lovelle	https://www.instagram.com/raya.lovelle					Lamplighter host tied to the current SingHUB schedule.	Classic Karaoke, Regulars Heavy	Mission Hills			No	FALSE	active	weekly_grid_sync				Weekly_Grid		2026-07-13		TRUE	TRUE	individual		
ryan	Ryan	Ryan	ryan	@pathofmenace	https://www.instagram.com/pathofmenace					Lamplighter host tied to the current SingHUB schedule.	Classic Karaoke, Weekend Karaoke	Mission Hills			No	FALSE	active	weekly_grid_sync				Weekly_Grid		2026-07-13		TRUE	TRUE	individual		
america	America	America	america	@mersupial	https://www.instagram.com/mersupial					Lamplighter host tied to the current SingHUB schedule.	Classic Karaoke, Regulars Heavy	Mission Hills			No	FALSE	active	weekly_grid_sync				Weekly_Grid		2026-07-13		TRUE	TRUE	individual		
savor-entertainment	Savor Entertainment	Savor Entertainment	savor-entertainment	@savorentertainment	https://www.instagram.com/savorentertainment					Karaoke host / entertainment company tied to Tuesday nights at The Cordova Bar.	Themed Events, Contest Nights	Bay Park, San Diego			Yes	FALSE	active	weekly_grid_sync				Weekly_Grid		2026-07-13		TRUE	TRUE	organization	entertainment_company	
teddy	Teddy	Teddy	teddy							Karaoke host tied to Star Bar Thursday nights in the current SingHUB schedule.	Gaslamp, Late Night	Gaslamp Quarter			No	FALSE	active	weekly_grid_sync				Weekly_Grid		2026-07-13		TRUE	TRUE	individual		
two-of-clubs	Two of Clubs	Two of Clubs	two-of-clubs							Karaoke host/company tied to 710 Beach Club Thursday nights.	Pacific Beach, Beach Bar	Pacific Beach			No	FALSE	active	weekly_grid_sync				Weekly_Grid		2026-07-13		TRUE	TRUE	organization	other	
art-ruiz	Art Ruiz	Art Ruiz	art-ruiz	@art2se	https://www.instagram.com/art2se					Karaoke host tied to Star Bar Monday and Wednesday nights in the current SingHUB schedule.	Gaslamp, Late Night	Gaslamp Quarter			No	FALSE	active	weekly_grid_sync				Weekly_Grid + prior event notes		2026-07-13		TRUE	TRUE	individual		
navy-nick	Nick Randle	Navy Nick	navy-nick	@navynickaraoke	https://www.instagram.com/navynickaraoke										No	FALSE	active	import_only				KJ Profiles V1		2026-07-07		FALSE	TRUE	individual		
will	Will	Will	will	@wjudge619	https://www.instagram.com/wjudge619					Will / Blueprint Entertainment hosts Friday karaoke at JT’s Tavern. His submitted show notes welcome all singers and mention QR signup; ask the KJ for the current signup link.	All Singers Welcome, Neighborhood Bar				No	FALSE	active	form_response				KJ Profiles V1 + SingHUB KJ Profile Responses	2026-07-16 20:45:00	2026-10-03		TRUE	FALSE	individual		blueprint-entertainment
matty	Matty	Matty	matty												No	FALSE	draft	import_only				KJ Profiles V1		2026-07-07		FALSE	TRUE	individual		
Spencer	Spencer Luster	Spencer	spencer	@spencerluster	https://www.instagram.com/spencerluster											FALSE										FALSE	FALSE	individual		
fernando	Fernando	Fernando	fernando	@thereal_grandfernand	https://www.instagram.com/thereal_grandfernand					San Diego host connected to karaoke and trivia nights at U-31, The Ould Sod, Fairplay, and other neighborhood venues.	Trivia + Karaoke, Neighborhood Bars, Themed Events	North Park, Normal Heights, San Diego			Unknown	FALSE	active	direct_update_needs_schedule_detail				Corey direct update 2026-07-20		2026-07-20		TRUE	TRUE	individual		
wild-belle	KJ Wild Belle	KJ Wild Belle	kj-wild-belle	@djwildbelle	https://www.instagram.com/djwildbelle					Wild Belle hosts Sunday karaoke at Neon Moon. Her submitted show notes describe a lively room for singers, with no cover and a 21+ crowd.	Sunday Karaoke, Neighborhood Bar, No Cover, 21+	San Diego			Unknown	FALSE	active	form_response				Corey direct update 2026-07-20 + SingHUB KJ Profile Responses	2026-07-20 21:29:42	2026-10-03		TRUE	FALSE	individual		
velvet-echo-entertainment	Velvet Echo Entertainment	Velvet Echo Entertainment	velvet-echo-entertainment	@velvetechoentertainment	https://www.instagram.com/velvetechoentertainment					Karaoke entertainment team hosting weekly nights across Redlands and Moreno Valley, with Allie and Kiley running the room.	Weekly Karaoke, Inland Empire, Multiple Venues	Redlands, Moreno Valley, Inland Empire			Unknown	FALSE	active	direct_submission				Velvet Echo Entertainment direct submission		2026-07-16		TRUE	FALSE	organization	entertainment_company	
kiley-lex	Kiley	Kiley	kiley-lex	@kileylex.events	https://www.instagram.com/kileylex.events					Velvet Echo Entertainment karaoke host running weekly nights at Whiskey Republic, Flights Bar & Eats, and Batter Rebellion.	Weekly Karaoke, Multi-Venue Host, Inland Empire	Redlands, Moreno Valley			Unknown	FALSE	active	direct_submission				Velvet Echo Entertainment direct submission		2026-07-16		TRUE	FALSE	individual		velvet-echo-entertainment
allie-karaoke	Allie	Allie	allie-karaoke	@allie.karaoke	https://www.instagram.com/allie.karaoke					Velvet Echo Entertainment karaoke host running weekly nights at Three Stags Irish Pub and The Redlands Underground.	Weekly Karaoke, Downtown Redlands, Late Night	Redlands			Unknown	FALSE	active	direct_submission				Velvet Echo Entertainment direct submission		2026-07-16		TRUE	FALSE	individual		velvet-echo-entertainment
marlene															Unknown	FALSE	removed	suppressed				Corey direct correction 2026-08-09		2026-08-09		FALSE	FALSE	individual		
rodney	Rodney	Rodney	rodney									Gaslamp Quarter			Unknown	FALSE	active	direct_schedule_confirmation				Corey direct correction 2026-07-25		2026-08-09		TRUE	FALSE	individual		
death-cab-for-karaoke	Death Cab For Karaoke	Death Cab For Karaoke	death-cab-for-karaoke	@deathcabforkaraoke	https://www.instagram.com/deathcabforkaraoke					Live-band pop-punk, emo, and more, built for singers who want to front the band instead of sing over a backing track.	Live Band Karaoke, Pop-Punk, Emo, Special Events	North Park, San Diego			Unknown	FALSE	active	form_response				SingHUB KJ Profile Responses	2026-07-17 15:26:36	2026-09-01		TRUE	FALSE	organization	live_band_producer	
live-band-karaoke	Live Band Karaoke	Live Band Karaoke	live-band-karaoke							Live-band karaoke host brand with weekly Thursday shows at Whiskey Girl and Friday shows at The Rabbit Hole.	Live Band Karaoke, Gaslamp, Normal Heights, Full Band	Gaslamp Quarter, Normal Heights, San Diego			Unknown	FALSE	active	official_provider_and_venue_schedule				Events_Canonical + Weekly_Grid + https://livebandkaraokesd.com/shows + The Rabbit Hole official social schedule		2026-09-05		TRUE	TRUE	organization	live_band_producer	
devyn-conover	DJ Devyn	DJ Devyn	devyn-conover	@thatonebxtch_	https://www.instagram.com/thatonebxtch_					San Diego karaoke host, DJ, and event host available for private parties and weddings.	Karaoke, DJ, Private Parties, Weddings, Event Host	San Diego, Poway, Ocean Beach		mailto:djdevync@gmail.com	Yes	FALSE	active	direct_host_confirmation				Direct message from DJ Devyn to Corey 2026-09-03; Instagram @thatonebxtch_ booking and schedule posts		2026-09-03		TRUE	FALSE	individual		
kj-jester	KJ Jester	KJ Jester	kj-jester							A.I. Entertainment-affiliated karaoke host with current shows at Silver Dollar, Main Tap Tavern, and De Oro Mine Co.	South Bay, East County, DJ Bingo, Weekend Karaoke	Chula Vista, El Cajon, Spring Valley			Unknown	FALSE	active	direct_provider_affiliation_and_schedule				A.I. Entertainment direct weekly schedule supplied to Corey 2026-09-04		2026-09-04		TRUE	TRUE	individual		ai-entertainment
dj-v	DJ V	DJ V	dj-v							A.I. Entertainment-affiliated host for Main Tap Tavern's monthly third-Tuesday trivia and karaoke show.	Trivia and Karaoke, East County, Monthly Show	El Cajon			Unknown	FALSE	active	direct_provider_affiliation_and_schedule				A.I. Entertainment direct weekly schedule supplied to Corey 2026-09-04		2026-09-04		TRUE	TRUE	individual		ai-entertainment
danielle-dolphin	Danielle Dolphin	KJ Danielle Dolphin	danielle-dolphin							San Diego County karaoke host with a Tuesday show at Poway's Irish Pub and a Thursday show at Way Point Saloon in Ramona.	Karaoke, Poway, Ramona, North County, East County	Poway, Ramona			Unknown	FALSE	active	trusted_community_source_plus_venue_confirmation				Reno G. direct schedule to Corey 2026-09-07; official Poway's Irish Pub and Way Point Saloon schedules		2026-09-07		TRUE	TRUE	individual		
dj-steve-o-sd	Steve-Oh	Steve-Oh	dj-steve-o-sd							Steve-Oh hosts karaoke at JP's Pub Tuesday through Friday from 9 PM to 1 AM.	Karaoke, Tierrasanta, Central San Diego, Four Nights Weekly	Tierrasanta			Unknown	FALSE	active	identity_confirmed_by_corey				Reno G. direct schedule; official JP's Pub schedule; Corey direct name confirmation 2026-09-14		2026-09-14		TRUE	FALSE	individual		
kj-blue	Heather "Singing Angel"	KJ Blue	kj-blue							KJ Blue, aka Heather "Singing Angel," hosts four weekly karaoke nights at Full Circle Saloon plus Saturday karaoke at VFW Santee Post 9327.	East County, Santee, Regulars, Multi-Night Host	Santee, East County			Unknown	FALSE	active	identity_and_schedule_confirmed_by_corey			Full Circle Saloon, VFW Santee Post 9327	Corey direct confirmation 2026-09-16		2026-09-16		TRUE	FALSE	individual		
kj-big-a	Big A	KJ Big "A"	kj-big-a							KJ Big "A" keeps a five-night East County karaoke schedule across Spring Valley and Alpine, including three weekly shows at Spring Valley Inn.	East County, Spring Valley, Alpine, Multi-Night Host	Spring Valley, Alpine, East County			Unknown	FALSE	active	direct_schedule_confirmation			Spring Valley Inn, Mike's Cocktails, Alpine VFW Post 9578	KJ Big "A" direct schedule supplied to Corey 2026-09-15		2026-09-16		TRUE	FALSE	individual		
ai-entertainment	A.I. Entertainment	A.I. Entertainment	ai-entertainment							Karaoke entertainment company connected to multiple active SingHUB hosts across San Diego County.	Karaoke Company, Multi-Venue	San Diego County			Unknown	FALSE	active	direct_provider_affiliation_and_schedule				A.I. Entertainment direct weekly schedule supplied to Corey 2026-09-04		2026-10-07	Canonical organization record created to support KJ affiliations. Keep hidden until organization profile details are confirmed.	FALSE	TRUE	organization	kj_company	
starpoint-entertainment	Starpoint Entertainment	Starpoint Entertainment	starpoint-entertainment							Entertainment company affiliation confirmed for Rosemarie Larson in the current SingHUB host roster.	Karaoke, Entertainment Company	San Diego County			Unknown	FALSE	active	host_affiliation_confirmed				Rosemarie Larson direct profile response		2026-10-07	Canonical organization record created to support host affiliations. Keep hidden until organization profile details are confirmed.	FALSE	TRUE	organization	entertainment_company	
emo-talent-collective	Emo Talent Collective	Emo Talent Collective	emo-talent-collective							Entertainment collective also known as ETC. Individual roster and recurring SingHUB venue relationships are still being confirmed.	Entertainment Collective, Karaoke	San Diego			Unknown	FALSE	active	corey_identity_confirmation				Corey direct clarification 2026-10-07		2026-10-07	Canonical organization seed record. ETC = Emo Talent Collective. Keep hidden until roster and recurring venue relationships are confirmed.	FALSE	TRUE	organization	entertainment_collective	
blueprint-entertainment	Blueprint Entertainment	Blueprint Entertainment	blueprint-entertainment							Entertainment company affiliation connected to Will in the current SingHUB host roster.	Karaoke, Entertainment Company	San Diego			Unknown	FALSE	active	form_response_affiliation				Will / SingHUB KJ Profile Response		2026-10-07	Canonical organization record created from Will's submitted Blueprint Entertainment affiliation. Keep hidden until organization profile details are confirmed.	FALSE	TRUE	organization	entertainment_company	
almost-famous-entertainment	Almost Famous Entertainment	Almost Famous Entertainment	almost-famous-entertainment							Almost Famous Entertainment hosts recurring karaoke nights across downtown San Diego, including Happy Does, Moxy San Diego, and Punch Bowl Social.	Downtown Energy, Group Friendly, Gaslamp, Weekly Karaoke	Gaslamp Quarter, Downtown San Diego			Unknown	FALSE	active	direct_schedule_confirmation				Corey direct confirmation + Moxy direct venue confirmation + current Punch Bowl Social event source		2026-10-07	Canonical organization record split from the legacy Veronica/company row so company-hosted events and individual host affiliations can be modeled correctly.	TRUE	FALSE	organization	entertainment_company	
